title,price,description
Barrel Twist,10000,"This service comes with blow drying, which is a unique styling for men."
All Twists,7000,"All Twists on Natural Hair, styling your twists comes with extra 1,000.

Note: You are expected to come in by your appointment time. We give 20mins grace
Any appointment later than this leads to cancellation or attracts extra charges (3,000)"
Twists with any combo (twists with weaves or styling),8000,"Twists with Weaving , Flat twists, inverted braid and our specials.

Note: You are expected to come in by your appointment time. We give 20mins grace
Any appointment later than this leads to cancellation or attracts extra charges (3,000)"
Flat twists (All back),5000,"All Flat twists 

Note: You are expected to come in by your appointment time. We give 20mins grace
Any appointment later than this leads to cancellation or attracts extra charges (3,000)"
Finger Coils,8000,"Note: You are expected to come in by your appointment time. We give 20mins grace
Any appointment later than this leads to cancellation or attracts extra charges (3,000)"
Mini twists,15000,"Mini twists 
50% payment will be made to (6924798521) Moniepoint Microfinance Bank, Flourishrootshair Salon. Secure slot with proof of payment send to the office line 08110215014
Cancellation/Rescheduling leads to forfeiture of  50% of amount paid, whether in full or part.

Note: You are expected to come in by your appointment time. We give 20mins grace
 Any appointment later than this leads to cancellation or attracts extra charges (3,000)"
Micro Twists,30000,"Micro twists are only available during week days, weekends are no longer convenient. Please book for weekdays only, thank you.
70% payment will be made to (6924798521) Moniepoint Microfinance Bank, Flourishrootshair Salon. Secure slot with proof of payment send to the office line 08110215014
Note: You are expected to come in by your appointment time. We give 20mins grace
 Any appointment later than this leads to cancellation or attracts extra charges (5,000)

Cancellation/Rescheduling leads to forfeiture of 50% of amount paid, whether in full or part."
Twists with mini weaves,9000,"You are expected to come in by your appointment time. We give 20mins grace
Any appointment later than this leads to cancellation or attracts extra charges (3,000)"
Twists with micro weaves,10000,"You are expected to come in by your appointment time. We give 20mins grace
Any appointment later than this leads to cancellation or attracts extra charges (3,000)"
Flatwists (with combo),8000,"Flattwists with twists
You are expected to come in by your appointment time. We give 20mins grace
Any appointment later than this leads to cancellation or attracts extra charges (3,000)"
Loose Braids,7000,This Loose braiding is with natural hair only
Natural Hair Braids,8000,"Braid your natural hair. 
Medium Size
No extensions added

50% payment will be made to (6924798521) Moniepoint Microfinance Bank, Flourishrootshair Salon. Secure slot with proof of payment send to the office line 08110215014
Note: You are expected to come in by your appointment time. We give 20mins grace
 Any appointment later than this leads to cancellation or attracts extra charges (3,000)"
Mini braids,16000,"Moisturizing and Detangling comes with extra fee

50% payment will be made to (6924798521) Moniepoint Microfinance Bank, Flourishrootshair Salon. Secure slot with proof of payment send to the office line 08110215014

Note: You are expected to come in by your appointment time. We give 20mins grace
 Any appointment later than this leads to cancellation or attracts extra charges (3,000)"
African Threading / KiKo,8000,"This is done with wool or thread. You are to provide the tread or wool, we make the hair ink, any style of threading "
Some gaps threading (Usual/big cuts),7000,"Hair threading (with gaps)

We don't sell beads
Attaching of clients beads attracts extra 500

Note: You are expected to come in by your appointment time. We give 20mins grace
 Any appointment later than this leads to cancellation or attracts extra charges (3,000)"
Some gaps threading SAT(Small Cutting),10000,"Small cuts

We don't sell beads, attaching of clients beads attracts extra 500

Note: You are expected to come in by your appointment time. We give 20mins grace
Any appointment later than this leads to cancellation or attracts extra charges (3,000)"
SAT with weaves,9000,"Threading with weaves (cornrows)
You are expected to come in by your appointment time. We give 20mins grace
 Any appointment later than this leads to cancellation or attracts extra charges (5,000)"
Natural hair twists loosening,2000,"Medium sized twists, only available Tuesdays, Wednesdays, Thursdays and Fridays NOT Saturdays and Sundays please.  You won't be attended to if defaulted. Fuller and longer hair attracts more by our discretion. "
Mini twists loosening,5000,"Mini sized twists, only available Tuesdays, Wednesdays, Thursdays and Friday.
Saturdays and Sundays please.  You won't be attended to if defaulted. Fuller and longer hair attracts more at our discretion. 

50% payment will be made to (6924798521) Moniepoint Microfinance Bank, Flourishrootshair Salon. Secure slot with proof of payment send to the office line 08110215014
Rescheduling after payment without prior notice leads to forfeiture of 50% of amount paid, whether in full or part"
Micro twists loosening,10000,"Micro sized twists, (this comes with washing and moisturising) only available Tuesdays, Wednesdays and Thursdays and  Fridays, NOT Saturdays and Sundays please.  You won't be attended to if defaulted. Fuller and longer hair attracts more at our discretion.
50% payment will be made to () Moniepoint microfinance Bank (FRH hair Salon)secure slot with proof of payment sent to the office line 09134488284

Rescheduling after payment without prior notice leads to forfeiture of 50% of amount paid, whether in full or part."
Cornrows loosening (10 pieces),1500,"Loosening of cornrows, Just 10 pieces. More than attracts extra cost at our discretion."
Extension loosening,4000,"Loosening of braids (extensions) is from 4,000"
Loosening(Natural Braids),2000,
Natural mini braids loosening,6000,
SAT(Small Cutting)loosening,2000,
Pony Tail (Packing gel) - Kids ,5000,"This is a simple style , where you put a ponytail where the hair is packed together. 
This mostly comes with blow drying to straighten the hair. "
Pony Tail (Packing gel),7000,"This is a simple style , where you put a ponytail where the hair is packed together. 
This mostly comes with blow drying to straighten the hair. "
Shuku - Jumbo sized Shuku,3000,Shuku as a protective hairstyle 
Shuku - Medium sized Shuku,5000,Shuku as a protective hairstyle 
Shuku - Mini sized Shuku,7000,Shuku as a protective hairstyle 
African Fluffy Style,6000,"This is a very native African hairstyle that can be described as braids and fluffs. It is done on natural hair only. If you want something bold and unique for occasions to show off your beautiful African hair, this is your hairstyle."
Stylish Cornrows For Men,5000,"This is a special, stylish cornrow done with natural hair only"
Natural hair Updos (Roll & Tuck),6500,"Natural hair roll and tuck

Note: You are expected to come in by your appointment time. We give 20mins grace
Any appointment later than this leads to cancellation or attracts extra charges (3,000)"
Bantu knots,6000,"Beautiful African hairstyle 

50% payment will be made to (6924798521) Moniepoint Microfinance Bank, Flourishrootshair Salon. Secure slot with proof of payment send to the office line 08110215014

Note: You are expected to come in by your appointment time. We give 20mins grace
 Any appointment later than this leads to cancellation or attracts extra charges (3,000)"
Cornrows (weaves),3000,"All back weaves(not more than 10)
Buns
Gel packing 
Low bun

Note: Appointment later than 20mins of arrival leads to cancellation "
Cornrows (weaves) - Cornrow ,4000,"All back weaves(not more than 10)
Buns
Gel packing 
Low bun

Note: Appointment later than 20mins of arrival leads to cancellation "
Cornrows (weaves) - Cornrows,5000,"All back weaves(not more than 10)
Buns
Gel packing 
Low bun

Note: Appointment later than 20mins of arrival leads to cancellation "
Natural hair updo with blow drying,8000,"To blow dry before styling

Note: You are expected to come in by your appointment time. We give 20mins grace
Any appointment later than this leads to cancellation or attracts extra charges (3,000)"
"Washing, Moisturizing, Detangling with Dandruff Treatments ",8000,This is a one-time dandruff treatment
"Washing, Ayurvedic with Deep Conditioning (Treatment), Moisturizing and Detangling ",10000,"Washing,deep conditioning with Ayurvedic and moisturising& Detangling 
When Detangling and the hair is very tangled it attracts an extra fee."
"Washing, Moisturizing, Detangling with Intense Deep Conditioning (Moisturizing Treatment)",8000,
Trimming only,2000,"Trimming weak ends

Note:Appointment later than 20mins of arrival leads to cancellation 
When Detangling and the hair is very tangled it attracts an extra fee."
Blow Drying,4000,
"Washing, Rinse-out Conditioning, Moisturizing and Detangling",6000,"Shampooing and proper detangling 

Note:Appointment later than 20mins of arrival leads to cancellation 
When Detangling and the hair is very tangled it attracts an extra fee."
Trimming With Blow Drying ,5000,"Trimming weak ends

Note: Appointment later than 20mins of arrival leads to cancellation 
When Detangling and the hair is very tangled it attracts an extra fee."
Hot oil Treatments,5000,"Mixing of oils for scalp treatment 

Note: Appointment later than 20mins of arrival leads to cancellation "
Moisturizing and Detangling,2000,"Detangling of hair alone or In addition to all services 
Note: Kindly select this option to enable your hair process without obstacles 
When Detangling and the hair is very tangled it attracts an extra fee."
"Washing, Exfoliating, Moisturizing and Detangling",8000,"Shampooing, scalp scrub then moisturizing and Detangling. 

Note: Appointment later than 20mins of arrival leads to cancellation 

When Detangling and the hair is very tangled it attracts an extra fee."
After wash cornrows,500,2 pieces max
"Washing ,Moisturizing, deep conditioning with client full kit package.",5000,"This service requires the client complete product package such as shampoo, leave-in conditioner, hair butter 
, deep conditioner and oil .

Incomplete product package will lead to the full payment of the salon price.

When Detangling and the hair is very tangled it attracts an extra fee."
"Washing, protein deep conditioning treatment, moisturizing and detangling",10000,"Washing, protein deep conditioning treatment, moisturizing and detangling."
Starter loc - Short Hair (Medium/Regular),50000,This is an instant loc' using interlocing style. This service does not include washing and conditioning of the hair.
Starter loc - Long Hair (Medium/Regular),70000,This is an instant loc' using interlocing style. This service does not include washing and conditioning of the hair.
Starter loc - Short hair (Micro),70000,This is an instant loc' using interlocing style. This service does not include washing and conditioning of the hair.
Starter loc - Long Hair (Micro),100000,This is an instant loc' using interlocing style. This service does not include washing and conditioning of the hair.
Interlocking/Relocking  Mini Locs - Jumbo sized/Regular Sized Locs,12000,"Interlocking or Relocking any style of Locs  
This is for Mini Locs, which are smaller cuts or sessions of Locs.
Note: This service does not include washing or conditioning of the hair. "
Interlocking/Relocking  Mini Locs - Medium Sized Locs (Interlocing and relocking),15000,"Interlocking or Relocking any style of Locs  
This is for Mini Locs, which are smaller cuts or sessions of Locs.
Note: This service does not include washing or conditioning of the hair. "
Interlocking/Relocking  Mini Locs,20000,"Interlocking or Relocking any style of Locs  
This is for Mini Locs, which are smaller cuts or sessions of Locs.
Note: This service does not include washing or conditioning of the hair. "
Sister Locs,70000,"Sister Locs are only available during week days, weekends are no longer convenient. Please book for weekdays only, thank you. This comes with washing and blowdrying.
70% payment will be made to (6924798521) Moniepoint Microfinance Bank, Flourishrootshair Salon. Secure slot with proof of payment send to the office line 08110215014
Note: You are expected to come in by your appointment time. We give 20mins grace
 Any appointment later than this leads to cancellation or attracts extra charges (5,000)

Cancellation/Rescheduling leads to forfeiture of 50% of amount paid, whether in full or part."
Sister Locs - Long Hair ,85000,"Sister Locs are only available during week days, weekends are no longer convenient. Please book for weekdays only, thank you. This comes with washing and blowdrying.
70% payment will be made to (6924798521) Moniepoint Microfinance Bank, Flourishrootshair Salon. Secure slot with proof of payment send to the office line 08110215014
Note: You are expected to come in by your appointment time. We give 20mins grace
 Any appointment later than this leads to cancellation or attracts extra charges (5,000)

Cancellation/Rescheduling leads to forfeiture of 50% of amount paid, whether in full or part."
Bridal Service ,60000,"Bridal Hair consultations and services, Consultations may require treatments and Trial sessions before the Wedding day.(these are included in the charge) "
Acrylic Set - Acrylic Toe,5000,Short Plain
Acrylic Set - Short Plain,12000,Short Plain
Acrylic Set - Medium Plain,15000,Short Plain
Acrylic Set - Long Plain,20000,Short Plain
Acrylic Set - XXL,24000,Short Plain
Gels on Nails ,7000,
All Toe Fixing - Big Toe Fixing,3000,
All Toe Fixing,4000,
Gel Polish on Natural Toes ,2500,
