name,description,prompt
"Barrel Twist","This service comes with blow drying, which is a unique styling for men.","A hyper-realistic professional beauty studio portrait of a young Nigerian man. His hair is styled in a Barrel Twist — small, tightly-rolled twists with a blow-dried finish, giving a neat and structured look. The subject is captured in a direct front-facing gaze, with a calm, confident expression. Their skin has natural, realistic texture with subtle highlights and soft shadows. They are wearing a simple, high-neck charcoal grey ribbed turtleneck sweater with no jewelry, ensuring the focus remains entirely on the hair. The background is a clean, uniform, light grey-white studio backdrop with soft, diffused lighting. Shot on a medium-format camera, 85mm lens, high resolution, sharp focus on the hair and facial features, 9:16 aspect ratio."
All Twists,"All Twists on Natural Hair, styling your twists comes with extra 1,000.","A hyper-realistic professional beauty studio portrait of a young Nigerian woman. Her hair is styled in medium-length two-strand twists all over the head, showing beautiful definition and natural texture. The subject is captured in a 45-degree profile turn, looking off-camera, with a serene and elegant expression. Their skin has natural, realistic texture with subtle highlights and soft shadows. They are wearing a simple, high-neck olive green ribbed turtleneck sweater with no jewelry, ensuring the focus remains entirely on the hair. The background is a clean, uniform, light grey-white studio backdrop with soft, diffused lighting. Shot on a medium-format camera, 85mm lens, high resolution, sharp focus on the hair and facial features, 9:16 aspect ratio."
Twists with any combo (twists with weaves or styling),"Twists with Weaving , Flat twists, inverted braid and our specials.","A hyper-realistic professional beauty studio portrait of a young Nigerian woman. Her hair features a creative combination of two-strand twists and flat weaves, showcasing intricate pattern work and texture contrast. The subject is captured in a three-quarter profile, chin slightly lifted, with a proud and regal expression. Their skin has natural, realistic texture with subtle highlights and soft shadows. They are wearing a simple, high-neck deep burgundy ribbed turtleneck sweater with no jewelry, ensuring the focus remains entirely on the hair. The background is a clean, uniform, light grey-white studio backdrop with soft, diffused lighting. Shot on a medium-format camera, 85mm lens, high resolution, sharp focus on the hair and facial features, 9:16 aspect ratio."
"Flat twists (All back)","All Flat twists","A hyper-realistic professional beauty studio portrait of a young Nigerian woman. Shot from a slight overhead angle to showcase the full crown pattern. Her hair is styled in flat twists going all the way back, lying close to the scalp in clean, neat rows that show beautiful natural texture. The subject is captured turned slightly to show a full side profile, with a calm and introspective look. Their skin has natural, realistic texture with subtle highlights and soft shadows. They are wearing a simple, high-neck forest green ribbed turtleneck sweater with no jewelry, ensuring the focus remains entirely on the hair. The background is a clean, uniform, light grey-white studio backdrop with soft, diffused lighting. Shot on a medium-format camera, 85mm lens, high resolution, sharp focus on the hair and facial features, 9:16 aspect ratio."
"Finger Coils","","A hyper-realistic professional beauty studio portrait of a young Nigerian woman. Her hair is styled in finger coils — tight, springy defined coils formed by twisting small sections around the finger, showing stunning natural shrinkage and curl definition. The subject is captured facing the camera directly, head tilted slightly, with a joyful, radiant smile. Their skin has natural, realistic texture with subtle highlights and soft shadows. They are wearing a simple, high-neck ivory cream ribbed turtleneck sweater with no jewelry, ensuring the focus remains entirely on the hair. The background is a clean, uniform, light grey-white studio backdrop with soft, diffused lighting. Shot on a medium-format camera, 85mm lens, high resolution, sharp focus on the hair and facial features, 9:16 aspect ratio."
"Mini twists","Mini twists","A hyper-realistic professional beauty studio portrait of a young Nigerian woman. Her hair is styled in medium-length mini twists, meticulously detailed to show every strand, texture, and natural sheen. The subject is captured in a 45-degree profile turn, looking off-camera, with a serene and elegant expression. Their skin has natural, realistic texture with subtle highlights and soft shadows. They are wearing a simple, high-neck olive green ribbed turtleneck sweater with no jewelry, ensuring the focus remains entirely on the hair. The background is a clean, uniform, light grey-white studio backdrop with soft, diffused lighting. Shot on a medium-format camera, 85mm lens, high resolution, sharp focus on the hair and facial features, 9:16 aspect ratio."
"Micro Twists","Micro twists are only available during week days, weekends are no longer convenient. Please book for weekdays only, thank you.","A hyper-realistic professional beauty studio portrait of a young Nigerian woman. Her hair is styled in micro twists — extremely fine, densely packed twists that create a delicate, feather-light look with incredible texture detail. The subject is captured facing forward with a slight three-quarter turn, with a graceful and sophisticated expression. Their skin has natural, realistic texture with subtle highlights and soft shadows. They are wearing a simple, high-neck dusty rose ribbed turtleneck sweater with no jewelry, ensuring the focus remains entirely on the hair. The background is a clean, uniform, light grey-white studio backdrop with soft, diffused lighting. Shot on a medium-format camera, 85mm lens, high resolution, sharp focus on the hair and facial features, 9:16 aspect ratio."
Twists with mini weaves,"","A hyper-realistic professional beauty studio portrait of a young Nigerian woman. Her hair features two-strand twists combined with mini weave sections, creating a textured, layered look that blends natural hair with carefully matched extensions. The subject is captured in a 45-degree profile, looking slightly downward, with a thoughtful and serene expression. Their skin has natural, realistic texture with subtle highlights and soft shadows. They are wearing a simple, high-neck terracotta ribbed turtleneck sweater with no jewelry, ensuring the focus remains entirely on the hair. The background is a clean, uniform, light grey-white studio backdrop with soft, diffused lighting. Shot on a medium-format camera, 85mm lens, high resolution, sharp focus on the hair and facial features, 9:16 aspect ratio."
"Twists with micro weaves","","A hyper-realistic professional beauty studio portrait of a young Nigerian woman. Her hair features two-strand twists combined with micro weave sections, creating an ultra-fine, densely detailed protective style. The subject is captured in a gentle three-quarter turn, chin down, with a soft and contemplative expression. Their skin has natural, realistic texture with subtle highlights and soft shadows. They are wearing a simple, high-neck charcoal grey ribbed turtleneck sweater with no jewelry, ensuring the focus remains entirely on the hair. The background is a clean, uniform, light grey-white studio backdrop with soft, diffused lighting. Shot on a medium-format camera, 85mm lens, high resolution, sharp focus on the hair and facial features, 9:16 aspect ratio."
"Flatwists (with combo)","Flattwists with twists","A hyper-realistic professional beauty studio portrait of a young Nigerian woman. Her hair features flat twists at the crown transitioning into two-strand twists at the ends, showing beautiful pattern contrast and texture flow. The subject is captured in a slight overhead angle looking down at the camera, with a peaceful, elegant expression. Their skin has natural, realistic texture with subtle highlights and soft shadows. They are wearing a simple, high-neck deep forest green ribbed turtleneck sweater with no jewelry, ensuring the focus remains entirely on the hair. The background is a clean, uniform, light grey-white studio backdrop with soft, diffused lighting. Shot on a medium-format camera, 85mm lens, high resolution, sharp focus on the hair and facial features, 9:16 aspect ratio."
"Loose Braids","This Loose braiding is with natural hair only","A hyper-realistic professional beauty studio portrait of a young Nigerian woman. Her hair is styled in loose natural braids — free-flowing, unextended braids showing the natural texture and thickness of her unmanipulated hair. The subject is captured in a relaxed side profile, hair falling naturally, with a free-spirited, joyful expression. Their skin has natural, realistic texture with subtle highlights and soft shadows. They are wearing a simple, high-neck warm caramel ribbed turtleneck sweater with no jewelry, ensuring the focus remains entirely on the hair. The background is a clean, uniform, light grey-white studio backdrop with soft, diffused lighting. Shot on a medium-format camera, 85mm lens, high resolution, sharp focus on the hair and facial features, 9:16 aspect ratio."
"Natural Hair Braids","Braid your natural hair. Medium Size No extensions added","A hyper-realistic professional beauty studio portrait of a young Nigerian woman. Her hair is styled in medium-sized natural hair braids with no extensions — clean, precise braids showing the full beauty of her natural hair texture. The subject is captured in a 45-degree profile, looking off-camera, with a confident and composed expression. Their skin has natural, realistic texture with subtle highlights and soft shadows. They are wearing a simple, high-neck ivory ribbed turtleneck sweater with no jewelry, ensuring the focus remains entirely on the hair. The background is a clean, uniform, light grey-white studio backdrop with soft, diffused lighting. Shot on a medium-format camera, 85mm lens, high resolution, sharp focus on the hair and facial features, 9:16 aspect ratio."
"Mini braids","Moisturizing and Detangling comes with extra fee","A hyper-realistic professional beauty studio portrait of a young Nigerian woman. Her hair is styled in mini braids — small, precisely parted braids covering the entire head in a neat, intricate pattern. The subject is captured facing directly forward, slight chin tilt up, with a bold and radiant expression. Their skin has natural, realistic texture with subtle highlights and soft shadows. They are wearing a simple, high-neck deep burgundy ribbed turtleneck sweater with no jewelry, ensuring the focus remains entirely on the hair. The background is a clean, uniform, light grey-white studio backdrop with soft, diffused lighting. Shot on a medium-format camera, 85mm lens, high resolution, sharp focus on the hair and facial features, 9:16 aspect ratio."
"African Threading / KiKo","This is done with wool or thread. You are to provide the tread or wool, we make the hair ink, any style of threading","A hyper-realistic professional beauty studio portrait of a young Nigerian woman. Her hair is styled in African threading (KiKo) — sections wrapped tightly in black wool thread, creating a striking sculptural look that stretches the natural hair. The subject is captured in a direct front-facing shot, head held high, with a proud and culturally expressive expression. Their skin has natural, realistic texture with subtle highlights and soft shadows. They are wearing a simple, high-neck burnt orange ribbed turtleneck sweater with no jewelry, ensuring the focus remains entirely on the hair. The background is a clean, uniform, light grey-white studio backdrop with soft, diffused lighting. Shot on a medium-format camera, 85mm lens, high resolution, sharp focus on the hair and facial features, 9:16 aspect ratio."
"Some gaps threading (Usual/big cuts)","Hair threading (with gaps) We don't sell beads Attaching of clients beads attracts extra 500","A hyper-realistic professional beauty studio portrait of a young Nigerian woman. Her hair is styled in traditional African threading with spaced-out sections (big cuts) — each threaded section separated by visible gaps, creating an architectural, graphic pattern. The subject is captured in a full side profile to show the threading silhouette, with a regal and poised expression. Their skin has natural, realistic texture with subtle highlights and soft shadows. They are wearing a simple, high-neck olive green ribbed turtleneck sweater with no jewelry, ensuring the focus remains entirely on the hair. The background is a clean, uniform, light grey-white studio backdrop with soft, diffused lighting. Shot on a medium-format camera, 85mm lens, high resolution, sharp focus on the hair and facial features, 9:16 aspect ratio."
"Some gaps threading SAT(Small Cutting)","Small cuts We don't sell beads, attaching of clients beads attracts extra 500","A hyper-realistic professional beauty studio portrait of a young Nigerian woman. Her hair is styled in SAT (Small Cutting) threading — densely packed small sections of thread-wrapped hair creating an intricate, geometric pattern across the entire head. The subject is captured in a slight overhead three-quarter angle to showcase the pattern, with a composed and elegant expression. Their skin has natural, realistic texture with subtle highlights and soft shadows. They are wearing a simple, high-neck charcoal grey ribbed turtleneck sweater with no jewelry, ensuring the focus remains entirely on the hair. The background is a clean, uniform, light grey-white studio backdrop with soft, diffused lighting. Shot on a medium-format camera, 85mm lens, high resolution, sharp focus on the hair and facial features, 9:16 aspect ratio."
"SAT with weaves","Threading with weaves (cornrows)","A hyper-realistic professional beauty studio portrait of a young Nigerian woman. Her hair features SAT threading at the crown transitioning into cornrow weaves at the base — a creative mix of thread-wrapped sections and neat braided rows. The subject is captured in a 45-degree profile highlighting both the top and sides, with a serene and artful expression. Their skin has natural, realistic texture with subtle highlights and soft shadows. They are wearing a simple, high-neck forest green ribbed turtleneck sweater with no jewelry, ensuring the focus remains entirely on the hair. The background is a clean, uniform, light grey-white studio backdrop with soft, diffused lighting. Shot on a medium-format camera, 85mm lens, high resolution, sharp focus on the hair and facial features, 9:16 aspect ratio."
"Natural hair twists loosening","Medium sized twists, only available Tuesdays, Wednesdays, Thursdays and Fridays NOT Saturdays and Sundays please. You won't be attended to if defaulted. Fuller and longer hair attracts more by our discretion.","A hyper-realistic professional beauty studio portrait of a young Nigerian woman. Her hair is shown in medium-length two-strand twists — showcasing the style just before the loosening process, with well-defined, moisturised twists. The subject is captured in a relaxed three-quarter profile, with a calm and natural expression. Their skin has natural, realistic texture with subtle highlights and soft shadows. They are wearing a simple, high-neck sage green ribbed turtleneck sweater with no jewelry, ensuring the focus remains entirely on the hair. The background is a clean, uniform, light grey-white studio backdrop with soft, diffused lighting. Shot on a medium-format camera, 85mm lens, high resolution, sharp focus on the hair and facial features, 9:16 aspect ratio."
"Mini twists loosening","Mini sized twists, only available Tuesdays, Wednesdays, Thursdays and Friday. Saturdays and Sundays please. You won't be attended to if defaulted. Fuller and longer hair attracts more at our discretion.","A hyper-realistic professional beauty studio portrait of a young Nigerian woman. Her hair is shown in mini twists — showcasing the style before the loosening process, with densely packed fine twists that show beautiful definition and natural texture. The subject is captured in a 45-degree profile, looking softly off-camera, with a gentle and content expression. Their skin has natural, realistic texture with subtle highlights and soft shadows. They are wearing a simple, high-neck dusty mauve ribbed turtleneck sweater with no jewelry, ensuring the focus remains entirely on the hair. The background is a clean, uniform, light grey-white studio backdrop with soft, diffused lighting. Shot on a medium-format camera, 85mm lens, high resolution, sharp focus on the hair and facial features, 9:16 aspect ratio."
"Micro twists loosening","Micro sized twists, (this comes with washing and moisturising) only available Tuesdays, Wednesdays and Thursdays and Fridays, NOT Saturdays and Sundays please. You won't be attended to if defaulted. Fuller and longer hair attracts more at our discretion.","A hyper-realistic professional beauty studio portrait of a young Nigerian woman. Her hair is shown in micro twists — extremely fine, densely packed twists shown before the loosening process begins. The subject is captured facing slightly away from camera in a three-quarter back view, with a graceful, contemplative posture. Their skin has natural, realistic texture with subtle highlights and soft shadows. They are wearing a simple, high-neck ivory ribbed turtleneck sweater with no jewelry, ensuring the focus remains entirely on the hair. The background is a clean, uniform, light grey-white studio backdrop with soft, diffused lighting. Shot on a medium-format camera, 85mm lens, high resolution, sharp focus on the hair and facial features, 9:16 aspect ratio."
"Cornrows loosening (10 pieces)","Loosening of cornrows, Just 10 pieces. More than attracts extra cost at our discretion.","A hyper-realistic professional beauty studio portrait of a young Nigerian woman. Her hair is styled in cornrows — clean, flat braids going all the way back, shown just before the loosening process. The subject is captured in a slight overhead side view to reveal the cornrow pattern, with a relaxed and natural expression. Their skin has natural, realistic texture with subtle highlights and soft shadows. They are wearing a simple, high-neck light grey ribbed turtleneck sweater with no jewelry, ensuring the focus remains entirely on the hair. The background is a clean, uniform, light grey-white studio backdrop with soft, diffused lighting. Shot on a medium-format camera, 85mm lens, high resolution, sharp focus on the hair and facial features, 9:16 aspect ratio."
"Extension loosening","Loosening of braids (extensions) is from 4,000","A hyper-realistic professional beauty studio portrait of a young Nigerian woman. Her hair is shown in extension braids — full, long braids with added extensions, photographed at the end of their wear before being removed. The subject is captured in a side three-quarter profile, hair falling over one shoulder, with a soft and serene expression. Their skin has natural, realistic texture with subtle highlights and soft shadows. They are wearing a simple, high-neck deep teal ribbed turtleneck sweater with no jewelry, ensuring the focus remains entirely on the hair. The background is a clean, uniform, light grey-white studio backdrop with soft, diffused lighting. Shot on a medium-format camera, 85mm lens, high resolution, sharp focus on the hair and facial features, 9:16 aspect ratio."
"Loosening(Natural Braids)","","A hyper-realistic professional beauty studio portrait of a young Nigerian woman. Her hair is shown in natural braids — medium-sized braids made without extensions, in their final days of wear. The subject is captured in a relaxed front-facing pose, head tilted slightly, with an effortless, natural expression. Their skin has natural, realistic texture with subtle highlights and soft shadows. They are wearing a simple, high-neck warm terracotta ribbed turtleneck sweater with no jewelry, ensuring the focus remains entirely on the hair. The background is a clean, uniform, light grey-white studio backdrop with soft, diffused lighting. Shot on a medium-format camera, 85mm lens, high resolution, sharp focus on the hair and facial features, 9:16 aspect ratio."
"Natural mini braids loosening","","A hyper-realistic professional beauty studio portrait of a young Nigerian woman. Her hair is shown in natural mini braids — small, tight braids with no extensions, captured before the loosening process. The subject is captured in a 45-degree profile, with a serene expression. Their skin has natural, realistic texture with subtle highlights and soft shadows. They are wearing a simple, high-neck dusty rose ribbed turtleneck sweater with no jewelry, ensuring the focus remains entirely on the hair. The background is a clean, uniform, light grey-white studio backdrop with soft, diffused lighting. Shot on a medium-format camera, 85mm lens, high resolution, sharp focus on the hair and facial features, 9:16 aspect ratio."
"SAT(Small Cutting)loosening","","A hyper-realistic professional beauty studio portrait of a young Nigerian woman. Her hair is shown in SAT (Small Cutting) threading — intricate thread-wrapped sections before removal, showcasing the detailed craftsmanship of the style. The subject is captured in a side profile highlighting the threading pattern, with a composed and regal expression. Their skin has natural, realistic texture with subtle highlights and soft shadows. They are wearing a simple, high-neck olive ribbed turtleneck sweater with no jewelry, ensuring the focus remains entirely on the hair. The background is a clean, uniform, light grey-white studio backdrop with soft, diffused lighting. Shot on a medium-format camera, 85mm lens, high resolution, sharp focus on the hair and facial features, 9:16 aspect ratio."
"Pony Tail (Packing gel) - Kids ","This is a simple style , where you put a ponytail where the hair is packed together. This mostly comes with blow drying to straighten the hair.","A hyper-realistic professional beauty studio portrait of a young Nigerian girl, around 8-10 years old,. Her hair is styled in a neat ponytail with packing gel — smoothly laid edges, a sleek high ponytail, and a polished, tidy finish. The subject is captured facing the camera with a bright, cheerful expression, with a playful and confident smile. Their skin has natural, realistic texture with subtle highlights and soft shadows. They are wearing a simple, high-neck white ribbed turtleneck sweater with no jewelry, ensuring the focus remains entirely on the hair. The background is a clean, uniform, light grey-white studio backdrop with soft, diffused lighting. Shot on a medium-format camera, 85mm lens, high resolution, sharp focus on the hair and facial features, 9:16 aspect ratio."
"Pony Tail (Packing gel)","This is a simple style , where you put a ponytail where the hair is packed together. This mostly comes with blow drying to straighten the hair.","A hyper-realistic professional beauty studio portrait of a young Nigerian woman. Her hair is styled in a sleek packing gel ponytail — edges perfectly laid with gel, hair gathered into a smooth, high ponytail showing clean definition and shine. The subject is captured in a side profile to show the sleek lines of the ponytail, with a polished and confident expression. Their skin has natural, realistic texture with subtle highlights and soft shadows. They are wearing a simple, high-neck charcoal grey ribbed turtleneck sweater with no jewelry, ensuring the focus remains entirely on the hair. The background is a clean, uniform, light grey-white studio backdrop with soft, diffused lighting. Shot on a medium-format camera, 85mm lens, high resolution, sharp focus on the hair and facial features, 9:16 aspect ratio."
"Shuku - Jumbo sized Shuku","Shuku as a protective hairstyle","A hyper-realistic professional beauty studio portrait of a young Nigerian woman. Her hair is styled in a Jumbo Shuku — a large, commanding upswept traditional Nigerian protective style with hair gathered and wrapped high at the crown in a bold, sculptural form. The subject is captured facing directly forward, head held high and proud, with a bold, regal and commanding expression. Their skin has natural, realistic texture with subtle highlights and soft shadows. They are wearing a simple, high-neck burnt orange ribbed turtleneck sweater with no jewelry, ensuring the focus remains entirely on the hair. The background is a clean, uniform, light grey-white studio backdrop with soft, diffused lighting. Shot on a medium-format camera, 85mm lens, high resolution, sharp focus on the hair and facial features, 9:16 aspect ratio."
"Shuku - Medium sized Shuku","Shuku as a protective hairstyle","A hyper-realistic professional beauty studio portrait of a young Nigerian woman. Her hair is styled in a medium Shuku — a classic Nigerian upswept protective style with neatly gathered and wrapped hair at the crown, balanced and elegant. The subject is captured in a 45-degree profile, looking serenely off-camera, with an elegant and composed expression. Their skin has natural, realistic texture with subtle highlights and soft shadows. They are wearing a simple, high-neck deep forest green ribbed turtleneck sweater with no jewelry, ensuring the focus remains entirely on the hair. The background is a clean, uniform, light grey-white studio backdrop with soft, diffused lighting. Shot on a medium-format camera, 85mm lens, high resolution, sharp focus on the hair and facial features, 9:16 aspect ratio."
"Shuku - Mini sized Shuku","Shuku as a protective hairstyle","A hyper-realistic professional beauty studio portrait of a young Nigerian woman. Her hair is styled in a Mini Shuku — a refined, smaller version of the traditional Nigerian Shuku, with delicately gathered and wrapped hair at the crown. The subject is captured in a gentle three-quarter profile, with a soft and graceful expression. Their skin has natural, realistic texture with subtle highlights and soft shadows. They are wearing a simple, high-neck ivory ribbed turtleneck sweater with no jewelry, ensuring the focus remains entirely on the hair. The background is a clean, uniform, light grey-white studio backdrop with soft, diffused lighting. Shot on a medium-format camera, 85mm lens, high resolution, sharp focus on the hair and facial features, 9:16 aspect ratio."
"African Fluffy Style","This is a very native African hairstyle that can be described as braids and fluffs. It is done on natural hair only. If you want something bold and unique for occasions to show off your beautiful African hair, this is your hairstyle.","A hyper-realistic professional beauty studio portrait of a young Nigerian woman. Her hair is styled in the African Fluffy Style — a bold, native African style featuring braids combined with puffed-out fluffy sections, creating a dramatic, voluminous crown. The subject is captured facing directly forward, head tilted confidently, with a bold, celebratory and joyful expression. Their skin has natural, realistic texture with subtle highlights and soft shadows. They are wearing a simple, high-neck deep burgundy ribbed turtleneck sweater with no jewelry, ensuring the focus remains entirely on the hair. The background is a clean, uniform, light grey-white studio backdrop with soft, diffused lighting. Shot on a medium-format camera, 85mm lens, high resolution, sharp focus on the hair and facial features, 9:16 aspect ratio."
"Stylish Cornrows For Men","This is a special, stylish cornrow done with natural hair only","A hyper-realistic professional beauty studio portrait of a young Nigerian man. His hair is styled in stylish cornrows — clean, geometric cornrow patterns made with natural hair only, showing precision line work and sharp partings. The subject is captured in a direct front-facing pose, slight chin tilt, with a cool and confident expression. Their skin has natural, realistic texture with subtle highlights and soft shadows. They are wearing a simple, high-neck black ribbed turtleneck sweater with no jewelry, ensuring the focus remains entirely on the hair. The background is a clean, uniform, light grey-white studio backdrop with soft, diffused lighting. Shot on a medium-format camera, 85mm lens, high resolution, sharp focus on the hair and facial features, 9:16 aspect ratio."
"Natural hair Updos (Roll & Tuck)","Natural hair roll and tuck","A hyper-realistic professional beauty studio portrait of a young Nigerian woman. Her hair is styled in a natural hair roll and tuck updo — hair artfully gathered, rolled, and tucked into an elegant bun or upswept style showing the natural texture beautifully. The subject is captured in a three-quarter profile facing slightly upward, with a graceful and sophisticated expression. Their skin has natural, realistic texture with subtle highlights and soft shadows. They are wearing a simple, high-neck dusty rose ribbed turtleneck sweater with no jewelry, ensuring the focus remains entirely on the hair. The background is a clean, uniform, light grey-white studio backdrop with soft, diffused lighting. Shot on a medium-format camera, 85mm lens, high resolution, sharp focus on the hair and facial features, 9:16 aspect ratio."
"Bantu knots","Beautiful African hairstyle","A hyper-realistic professional beauty studio portrait of a young Nigerian woman. Her hair is styled in Bantu knots — small, tightly coiled sections wound into neat round knot formations all over the head, creating a stunning geometric pattern. The subject is captured in a slight overhead front-facing angle to reveal all the knots, with a radiant and culturally proud expression. Their skin has natural, realistic texture with subtle highlights and soft shadows. They are wearing a simple, high-neck burnt orange ribbed turtleneck sweater with no jewelry, ensuring the focus remains entirely on the hair. The background is a clean, uniform, light grey-white studio backdrop with soft, diffused lighting. Shot on a medium-format camera, 85mm lens, high resolution, sharp focus on the hair and facial features, 9:16 aspect ratio."
"Cornrows (weaves)","All back weaves(not more than 10) Buns Gel packing Low bun","A hyper-realistic professional beauty studio portrait of a young Nigerian woman. Her hair is styled in all-back cornrows with weave — neat, flat braids going straight back from the hairline, using thread or extensions for a sleek, clean finish. The subject is captured turned slightly away, three-quarter back view to show the full cornrow pattern, with a relaxed and natural posture. Their skin has natural, realistic texture with subtle highlights and soft shadows. They are wearing a simple, high-neck olive green ribbed turtleneck sweater with no jewelry, ensuring the focus remains entirely on the hair. The background is a clean, uniform, light grey-white studio backdrop with soft, diffused lighting. Shot on a medium-format camera, 85mm lens, high resolution, sharp focus on the hair and facial features, 9:16 aspect ratio."
"Cornrows (weaves) - Cornrow ","All back weaves(not more than 10) Buns Gel packing Low bun","A hyper-realistic professional beauty studio portrait of a young Nigerian woman. Her hair is styled in a cornrow style — showing one clean cornrow as a detail or accent braid, highlighting the precision of the technique against her natural hair. The subject is captured in a close three-quarter side profile, with a focused and elegant expression. Their skin has natural, realistic texture with subtle highlights and soft shadows. They are wearing a simple, high-neck charcoal ribbed turtleneck sweater with no jewelry, ensuring the focus remains entirely on the hair. The background is a clean, uniform, light grey-white studio backdrop with soft, diffused lighting. Shot on a medium-format camera, 85mm lens, high resolution, sharp focus on the hair and facial features, 9:16 aspect ratio."
"Cornrows (weaves) - Cornrows","All back weaves(not more than 10) Buns Gel packing Low bun","A hyper-realistic professional beauty studio portrait of a young Nigerian woman. Her hair is styled in multiple cornrows — a full head of neat, flat cornrow braids showing symmetrical parting and clean braid work. The subject is captured slightly overhead angle to showcase the cornrow parting pattern, with a proud and composed expression. Their skin has natural, realistic texture with subtle highlights and soft shadows. They are wearing a simple, high-neck deep teal ribbed turtleneck sweater with no jewelry, ensuring the focus remains entirely on the hair. The background is a clean, uniform, light grey-white studio backdrop with soft, diffused lighting. Shot on a medium-format camera, 85mm lens, high resolution, sharp focus on the hair and facial features, 9:16 aspect ratio."
"Natural hair updo with blow drying","To blow dry before styling","A hyper-realistic professional beauty studio portrait of a young Nigerian woman. Her hair is styled in an elegant natural hair updo after blow drying — a lifted, voluminous style with the hair stretched and arranged into a beautiful sculptural shape. The subject is captured in a three-quarter profile with chin lifted, with a sophisticated and refined expression. Their skin has natural, realistic texture with subtle highlights and soft shadows. They are wearing a simple, high-neck ivory cream ribbed turtleneck sweater with no jewelry, ensuring the focus remains entirely on the hair. The background is a clean, uniform, light grey-white studio backdrop with soft, diffused lighting. Shot on a medium-format camera, 85mm lens, high resolution, sharp focus on the hair and facial features, 9:16 aspect ratio."
"Washing, Moisturizing, Detangling with Dandruff Treatments ","This is a one-time dandruff treatment","A hyper-realistic professional beauty studio portrait of a young Nigerian woman. Her natural hair is freshly washed and styled, showing healthy scalp and moisturised coils — an intimate studio close-up portrait emphasising scalp health and hair vitality. The subject is captured in a close overhead angle, hair visible and loose, with a relaxed and refreshed expression. Their skin has natural, realistic texture with subtle highlights and soft shadows. They are wearing a simple, high-neck soft white ribbed turtleneck sweater with no jewelry, ensuring the focus remains entirely on the hair. The background is a clean, uniform, light grey-white studio backdrop with soft, diffused lighting. Shot on a medium-format camera, 85mm lens, high resolution, sharp focus on the hair and facial features, 9:16 aspect ratio."
"Washing, Ayurvedic with Deep Conditioning (Treatment), Moisturizing and Detangling ","Washing,deep conditioning with Ayurvedic and moisturising& Detangling When Detangling and the hair is very tangled it attracts an extra fee.","A hyper-realistic professional beauty studio portrait of a young Nigerian woman. Her natural hair is shown freshly treated with an Ayurvedic deep conditioning treatment — luscious, moisturised coils with visible shine and definition. The subject is captured in a front-facing direct gaze, hair worn loose and natural, with a glowing and serene expression. Their skin has natural, realistic texture with subtle highlights and soft shadows. They are wearing a simple, high-neck sage green ribbed turtleneck sweater with no jewelry, ensuring the focus remains entirely on the hair. The background is a clean, uniform, light grey-white studio backdrop with soft, diffused lighting. Shot on a medium-format camera, 85mm lens, high resolution, sharp focus on the hair and facial features, 9:16 aspect ratio."
"Washing, Moisturizing, Detangling with Intense Deep Conditioning (Moisturizing Treatment)","","A hyper-realistic professional beauty studio portrait of a young Nigerian woman. Her natural hair is shown post-intense deep conditioning — beautifully moisturised, defined coils with an impressive sheen and healthy texture. The subject is captured in a 45-degree profile, hair loose and free, with a content and radiant expression. Their skin has natural, realistic texture with subtle highlights and soft shadows. They are wearing a simple, high-neck dusty rose ribbed turtleneck sweater with no jewelry, ensuring the focus remains entirely on the hair. The background is a clean, uniform, light grey-white studio backdrop with soft, diffused lighting. Shot on a medium-format camera, 85mm lens, high resolution, sharp focus on the hair and facial features, 9:16 aspect ratio."
"Trimming only","Trimming weak ends When Detangling and the hair is very tangled it attracts an extra fee.","A hyper-realistic professional beauty studio portrait of a young Nigerian woman. Macro-level detail on the hair ends. A close-up studio portrait showing freshly trimmed natural hair ends — healthy, even ends with no split or damaged tips, showing the result of a careful precision trim. The subject is captured in a close side profile focusing on the hair length and ends, with a calm and trusting expression. Their skin has natural, realistic texture with subtle highlights and soft shadows. They are wearing a simple, high-neck ivory ribbed turtleneck sweater with no jewelry, ensuring the focus remains entirely on the hair. The background is a clean, uniform, light grey-white studio backdrop with soft, diffused lighting. Shot on a medium-format camera, 85mm lens, high resolution, sharp focus on the hair and facial features, 9:16 aspect ratio."
"Blow Drying","","A hyper-realistic professional beauty studio portrait of a young Nigerian woman. Her natural hair is shown after blow drying — a full, stretched afro with length revealed, showing incredible volume and healthy texture. The subject is captured in a direct front-facing pose with hair fully stretched outward, with a bold and powerful expression. Their skin has natural, realistic texture with subtle highlights and soft shadows. They are wearing a simple, high-neck charcoal ribbed turtleneck sweater with no jewelry, ensuring the focus remains entirely on the hair. The background is a clean, uniform, light grey-white studio backdrop with soft, diffused lighting. Shot on a medium-format camera, 85mm lens, high resolution, sharp focus on the hair and facial features, 9:16 aspect ratio."
"Washing, Rinse-out Conditioning, Moisturizing and Detangling","Shampooing and proper detangling When Detangling and the hair is very tangled it attracts an extra fee.","A hyper-realistic professional beauty studio portrait of a young Nigerian woman. Her natural hair is shown freshly washed and conditioned — clean, moisturised coils sitting beautifully after a thorough rinse-out conditioning session. The subject is captured in a relaxed three-quarter profile, hair worn loose, with a refreshed and peaceful expression. Their skin has natural, realistic texture with subtle highlights and soft shadows. They are wearing a simple, high-neck soft grey ribbed turtleneck sweater with no jewelry, ensuring the focus remains entirely on the hair. The background is a clean, uniform, light grey-white studio backdrop with soft, diffused lighting. Shot on a medium-format camera, 85mm lens, high resolution, sharp focus on the hair and facial features, 9:16 aspect ratio."
"Trimming With Blow Drying ","Trimming weak ends When Detangling and the hair is very tangled it attracts an extra fee.","A hyper-realistic professional beauty studio portrait of a young Nigerian woman. Her natural hair is shown after trimming and blow drying — stretched, healthy hair with clean ends and impressive volume from the blow dry. The subject is captured in a confident direct gaze, hair blown out and full, with a proud and glowing expression. Their skin has natural, realistic texture with subtle highlights and soft shadows. They are wearing a simple, high-neck forest green ribbed turtleneck sweater with no jewelry, ensuring the focus remains entirely on the hair. The background is a clean, uniform, light grey-white studio backdrop with soft, diffused lighting. Shot on a medium-format camera, 85mm lens, high resolution, sharp focus on the hair and facial features, 9:16 aspect ratio."
"Hot oil Treatments","Mixing of oils for scalp treatment","A hyper-realistic professional beauty studio portrait of a young Nigerian woman. Soft bokeh lighting to emphasise the sheen of the treated hair. A close studio portrait showing the application of a hot oil scalp treatment — gleaming natural hair with visible scalp nourishment and deep shine. The subject is captured in a slight overhead close angle showing the scalp and hair, with a relaxed and pampered expression. Their skin has natural, realistic texture with subtle highlights and soft shadows. They are wearing a simple, high-neck warm beige ribbed turtleneck sweater with no jewelry, ensuring the focus remains entirely on the hair. The background is a clean, uniform, light grey-white studio backdrop with soft, diffused lighting. Shot on a medium-format camera, 85mm lens, high resolution, sharp focus on the hair and facial features, 9:16 aspect ratio."
"Moisturizing and Detangling","Detangling of hair alone or In addition to all services When Detangling and the hair is very tangled it attracts an extra fee.","A hyper-realistic professional beauty studio portrait of a young Nigerian woman. Her natural hair is shown moisturised and freshly detangled — defined, separated coils sitting freely with no tangles, showing healthy moisture retention. The subject is captured in a gentle front-facing pose, hair loose and free, with a calm, natural beauty expression. Their skin has natural, realistic texture with subtle highlights and soft shadows. They are wearing a simple, high-neck ivory ribbed turtleneck sweater with no jewelry, ensuring the focus remains entirely on the hair. The background is a clean, uniform, light grey-white studio backdrop with soft, diffused lighting. Shot on a medium-format camera, 85mm lens, high resolution, sharp focus on the hair and facial features, 9:16 aspect ratio."
"Washing, Exfoliating, Moisturizing and Detangling","Shampooing, scalp scrub then moisturizing and Detangling. When Detangling and the hair is very tangled it attracts an extra fee.","A hyper-realistic professional beauty studio portrait of a young Nigerian woman. Her natural hair is shown after a full wash with scalp exfoliation — fresh, light coils with a visibly clean scalp and excellent moisture. The subject is captured in a relaxed three-quarter profile, hair loose, with a refreshed and energised expression. Their skin has natural, realistic texture with subtle highlights and soft shadows. They are wearing a simple, high-neck soft white ribbed turtleneck sweater with no jewelry, ensuring the focus remains entirely on the hair. The background is a clean, uniform, light grey-white studio backdrop with soft, diffused lighting. Shot on a medium-format camera, 85mm lens, high resolution, sharp focus on the hair and facial features, 9:16 aspect ratio."
"After wash cornrows","2 pieces max","A hyper-realistic professional beauty studio portrait of a young Nigerian woman. Her natural hair is shown in small, neat after-wash cornrows — two to three flat braids keeping freshly washed hair stretched and moisturised. The subject is captured in a slight overhead angle to show the simple cornrow pattern, with a clean, effortless expression. Their skin has natural, realistic texture with subtle highlights and soft shadows. They are wearing a simple, high-neck light olive ribbed turtleneck sweater with no jewelry, ensuring the focus remains entirely on the hair. The background is a clean, uniform, light grey-white studio backdrop with soft, diffused lighting. Shot on a medium-format camera, 85mm lens, high resolution, sharp focus on the hair and facial features, 9:16 aspect ratio."
"Washing ,Moisturizing, deep conditioning with client full kit package.","This service requires the client complete product package such as shampoo, leave-in conditioner, hair butter , deep conditioner and oil . Incomplete product package will lead to the full payment of the salon price. When Detangling and the hair is very tangled it attracts an extra fee.","A hyper-realistic professional beauty studio portrait of a young Nigerian woman. Her natural hair is shown freshly washed and deep conditioned using her personal product kit — beautifully moisturised coils with visible definition and softness. The subject is captured in a direct front-facing pose, hair worn naturally loose, with a satisfied and radiant expression. Their skin has natural, realistic texture with subtle highlights and soft shadows. They are wearing a simple, high-neck sage ribbed turtleneck sweater with no jewelry, ensuring the focus remains entirely on the hair. The background is a clean, uniform, light grey-white studio backdrop with soft, diffused lighting. Shot on a medium-format camera, 85mm lens, high resolution, sharp focus on the hair and facial features, 9:16 aspect ratio."
"Washing, protein deep conditioning treatment, moisturizing and detangling","Washing, protein deep conditioning treatment, moisturizing and detangling.","A hyper-realistic professional beauty studio portrait of a young Nigerian woman. Her natural hair is shown after a protein deep conditioning treatment — strong, resilient coils with restored elasticity and a healthy, lustrous sheen. The subject is captured in a 45-degree profile, hair loose and defined, with a confident and healthy expression. Their skin has natural, realistic texture with subtle highlights and soft shadows. They are wearing a simple, high-neck warm terracotta ribbed turtleneck sweater with no jewelry, ensuring the focus remains entirely on the hair. The background is a clean, uniform, light grey-white studio backdrop with soft, diffused lighting. Shot on a medium-format camera, 85mm lens, high resolution, sharp focus on the hair and facial features, 9:16 aspect ratio."
"Starter loc - Short Hair (Medium/Regular)","This is an instant loc' using interlocing style. This service does not include washing and conditioning of the hair.","A hyper-realistic professional beauty studio portrait of a young Nigerian woman. Her hair shows fresh starter locs — short, newly formed medium-sized locs in the early stages, showing neat sectioning and the beginning of the loc journey. The subject is captured in a direct front-facing pose, head slightly tilted, with an excited and hopeful expression. Their skin has natural, realistic texture with subtle highlights and soft shadows. They are wearing a simple, high-neck deep burgundy ribbed turtleneck sweater with no jewelry, ensuring the focus remains entirely on the hair. The background is a clean, uniform, light grey-white studio backdrop with soft, diffused lighting. Shot on a medium-format camera, 85mm lens, high resolution, sharp focus on the hair and facial features, 9:16 aspect ratio."
"Starter loc - Long Hair (Medium/Regular)","This is an instant loc' using interlocing style. This service does not include washing and conditioning of the hair.","A hyper-realistic professional beauty studio portrait of a young Nigerian woman. Her hair shows fresh starter locs on longer hair — medium-sized newly formed locs showing the full length potential from the very beginning of the loc journey. The subject is captured in a three-quarter profile, hair falling naturally, with a serene and committed expression. Their skin has natural, realistic texture with subtle highlights and soft shadows. They are wearing a simple, high-neck forest green ribbed turtleneck sweater with no jewelry, ensuring the focus remains entirely on the hair. The background is a clean, uniform, light grey-white studio backdrop with soft, diffused lighting. Shot on a medium-format camera, 85mm lens, high resolution, sharp focus on the hair and facial features, 9:16 aspect ratio."
"Starter loc - Short hair (Micro)","This is an instant loc' using interlocing style. This service does not include washing and conditioning of the hair.","A hyper-realistic professional beauty studio portrait of a young Nigerian woman. Her hair shows fresh micro starter locs on short hair — extremely fine, densely packed newly formed locs in the very early stages of development. The subject is captured in a close front-facing angle to show the fine detail of the locs, with a proud and intentional expression. Their skin has natural, realistic texture with subtle highlights and soft shadows. They are wearing a simple, high-neck charcoal ribbed turtleneck sweater with no jewelry, ensuring the focus remains entirely on the hair. The background is a clean, uniform, light grey-white studio backdrop with soft, diffused lighting. Shot on a medium-format camera, 85mm lens, high resolution, sharp focus on the hair and facial features, 9:16 aspect ratio."
"Starter loc - Long Hair (Micro)","This is an instant loc' using interlocing style. This service does not include washing and conditioning of the hair.","A hyper-realistic professional beauty studio portrait of a young Nigerian woman. Her hair shows fresh micro starter locs on long hair — ultra-fine, densely packed newly formed locs revealing incredible length and dedication. The subject is captured in a side profile, hair draped over the shoulder, with a graceful and patient expression. Their skin has natural, realistic texture with subtle highlights and soft shadows. They are wearing a simple, high-neck ivory ribbed turtleneck sweater with no jewelry, ensuring the focus remains entirely on the hair. The background is a clean, uniform, light grey-white studio backdrop with soft, diffused lighting. Shot on a medium-format camera, 85mm lens, high resolution, sharp focus on the hair and facial features, 9:16 aspect ratio."
"Interlocking/Relocking  Mini Locs - Jumbo sized/Regular Sized Locs","Interlocking or Relocking any style of Locs This is for Mini Locs, which are smaller cuts or sessions of Locs.","A hyper-realistic professional beauty studio portrait of a young Nigerian woman. Her hair shows mature jumbo-sized or regular locs being interlocked and relocked — well-established, healthy locs mid-maintenance showing the precision of the relocking process. The subject is captured in a 45-degree profile to show loc thickness and definition, with a grounded and confident expression. Their skin has natural, realistic texture with subtle highlights and soft shadows. They are wearing a simple, high-neck deep teal ribbed turtleneck sweater with no jewelry, ensuring the focus remains entirely on the hair. The background is a clean, uniform, light grey-white studio backdrop with soft, diffused lighting. Shot on a medium-format camera, 85mm lens, high resolution, sharp focus on the hair and facial features, 9:16 aspect ratio."
"Interlocking/Relocking  Mini Locs - Medium Sized Locs (Interlocing and relocking)","Interlocking or Relocking any style of Locs This is for Mini Locs, which are smaller cuts or sessions of Locs.","A hyper-realistic professional beauty studio portrait of a young Nigerian woman. Her hair shows medium-sized mature locs during the interlocking and relocking process — neat, healthy locs at a maintenance appointment with fresh root growth being reattached. The subject is captured in a slight overhead angle to show the parting and root work, with a patient and serene expression. Their skin has natural, realistic texture with subtle highlights and soft shadows. They are wearing a simple, high-neck burnt orange ribbed turtleneck sweater with no jewelry, ensuring the focus remains entirely on the hair. The background is a clean, uniform, light grey-white studio backdrop with soft, diffused lighting. Shot on a medium-format camera, 85mm lens, high resolution, sharp focus on the hair and facial features, 9:16 aspect ratio."
"Interlocking/Relocking  Mini Locs","Interlocking or Relocking any style of Locs This is for Mini Locs, which are smaller cuts or sessions of Locs.","A hyper-realistic professional beauty studio portrait of a young Nigerian woman. Her hair shows mature mini locs being interlocked — small, defined, well-established locs showing fresh interlocking at the roots for a neat, maintained appearance. The subject is captured in a direct front-facing pose, hair worn loose and long, with a radiant and proud expression. Their skin has natural, realistic texture with subtle highlights and soft shadows. They are wearing a simple, high-neck dusty rose ribbed turtleneck sweater with no jewelry, ensuring the focus remains entirely on the hair. The background is a clean, uniform, light grey-white studio backdrop with soft, diffused lighting. Shot on a medium-format camera, 85mm lens, high resolution, sharp focus on the hair and facial features, 9:16 aspect ratio."
"Sister Locs","Sister Locs are only available during week days, weekends are no longer convenient. Please book for weekdays only, thank you. This comes with washing and blowdrying.","A hyper-realistic professional beauty studio portrait of a young Nigerian woman. Her hair is styled in sister locs — extremely fine, tightly uniform sisterlocs covering the full head, showing perfect symmetry and delicate texture. The subject is captured in a 45-degree profile, hair worn loose and flowing, with a regal and elegant expression. Their skin has natural, realistic texture with subtle highlights and soft shadows. They are wearing a simple, high-neck deep burgundy ribbed turtleneck sweater with no jewelry, ensuring the focus remains entirely on the hair. The background is a clean, uniform, light grey-white studio backdrop with soft, diffused lighting. Shot on a medium-format camera, 85mm lens, high resolution, sharp focus on the hair and facial features, 9:16 aspect ratio."
"Sister Locs - Long Hair ","Sister Locs are only available during week days, weekends are no longer convenient. Please book for weekdays only, thank you. This comes with washing and blowdrying.","A hyper-realistic professional beauty studio portrait of a young Nigerian woman. Her hair features long sister locs — flowing, fine sisterlocs that reach past the shoulders, showing the full length beauty of a mature sisterloc journey. The subject is captured in a three-quarter side profile, locs draping over one shoulder, with a stunning and powerful expression. Their skin has natural, realistic texture with subtle highlights and soft shadows. They are wearing a simple, high-neck forest green ribbed turtleneck sweater with no jewelry, ensuring the focus remains entirely on the hair. The background is a clean, uniform, light grey-white studio backdrop with soft, diffused lighting. Shot on a medium-format camera, 85mm lens, high resolution, sharp focus on the hair and facial features, 9:16 aspect ratio."
"Bridal Service ","Bridal Hair consultations and services, Consultations may require treatments and Trial sessions before the Wedding day.(these are included in the charge)","A hyper-realistic professional beauty studio portrait of a young Nigerian woman. The lighting is soft and luminous with a slight golden warmth. She is wearing a white off-shoulder bridal neckline. Her hair is styled in an exquisite bridal updo — an elaborate, elevated natural hair style with intricate twists, braids, or rolls arranged into a sophisticated wedding-day look, possibly adorned with subtle floral or pearl accessories. The subject is captured in a three-quarter profile facing slightly upward, as if walking down the aisle, with a radiant, emotional and breathtakingly beautiful bridal expression. Their skin has natural, realistic texture with subtle highlights and soft shadows. They are wearing a simple, high-neck white ribbed turtleneck sweater with no jewelry, ensuring the focus remains entirely on the hair. The background is a clean, uniform, light grey-white studio backdrop with soft, diffused lighting. Shot on a medium-format camera, 85mm lens, high resolution, sharp focus on the hair and facial features, 9:16 aspect ratio."
"Intensive Growth Consultation ","This is a 3-month intensive hair consultation service with added salon styling and products. Are you struggling with slow hair growth or hair loss? Let’s fix it! Our Intensive Growth Consultation is designed for women experiencing stunted growth, thinning edges, or excessive shedding. We’ll assess the root causes and create a customized growth plan to help you achieve fuller, stronger hair. 💡 What You’ll Get: ✔️ Hair growth evaluation and targeted solutions ✔️ Scalp-stimulating techniques and product recommendations ✔️ Natural hair growth oils and treatments to boost results ✔️ Protective styling strategies to retain length 📌 Perfect for: Those struggling with hair loss, postpartum shedding, or slow growth.","A hyper-realistic professional beauty studio portrait of a young Nigerian woman. Her natural hair is shown in a healthy, flourishing state — representing the goal of a growth consultation. Lush, long natural coils showing impressive length and vitality. The subject is captured in a direct, aspirational front-facing pose with hair worn loose and full, with an inspiring, hopeful and determined expression. Their skin has natural, realistic texture with subtle highlights and soft shadows. They are wearing a simple, high-neck olive green ribbed turtleneck sweater with no jewelry, ensuring the focus remains entirely on the hair. The background is a clean, uniform, light grey-white studio backdrop with soft, diffused lighting. Shot on a medium-format camera, 85mm lens, high resolution, sharp focus on the hair and facial features, 9:16 aspect ratio."
"Scalp Health","Healthy hair starts with a healthy scalp! Your scalp is the foundation of your hair’s growth and overall health. If you’re experiencing itchiness, dandruff, excessive shedding, or scalp irritation, this consultation will help diagnose the problem and provide solutions. 💡 What You’ll Get: ✔️ Scalp analysis to detect dryness, buildup, or scalp conditions ✔️ Natural remedies and product recommendations ✔️ Scalp detox and deep-cleansing tips ✔️ Personalized scalp massage techniques for improved circulation 📌 Perfect for: Those dealing with dandruff, itchy scalp, or excessive shedding.","A hyper-realistic professional beauty studio portrait of a young Nigerian woman. Macro focus on the scalp and hair roots. A close-up portrait focusing on a healthy scalp visible through parted natural hair — showing a clean, well-moisturised scalp and strong hair follicles. The subject is captured in a slight overhead close angle with parted hair showing the scalp, with a relaxed and trusting expression. Their skin has natural, realistic texture with subtle highlights and soft shadows. They are wearing a simple, high-neck white ribbed turtleneck sweater with no jewelry, ensuring the focus remains entirely on the hair. The background is a clean, uniform, light grey-white studio backdrop with soft, diffused lighting. Shot on a medium-format camera, 85mm lens, high resolution, sharp focus on the hair and facial features, 9:16 aspect ratio."
"Hair Evaluation and Regime ","Get a customized roadmap for your healthiest hair yet! Not sure what products to use or why your hair isn’t growing as expected? Our Hair Evaluation & Regimen Building service is designed to analyze your hair type, porosity, and texture to create a tailored routine that works for YOU. 💡 What You’ll Get: ✔️ Personalized hair care routine (daily, weekly, and monthly) ✔️ Product recommendations based on your hair needs ✔️ Tips on moisture retention, length retention, and styling 📌 Perfect for: Those struggling with dryness, breakage, or an ineffective routine.","A hyper-realistic professional beauty studio portrait of a young Nigerian woman. Her natural hair is shown in a beautifully evaluated state — a variety of natural hair textures and curl patterns visible, representing a thorough hair evaluation and personalised care regime. The subject is captured in a relaxed front-facing pose, hair worn naturally loose, with a thoughtful and informed expression. Their skin has natural, realistic texture with subtle highlights and soft shadows. They are wearing a simple, high-neck sage ribbed turtleneck sweater with no jewelry, ensuring the focus remains entirely on the hair. The background is a clean, uniform, light grey-white studio backdrop with soft, diffused lighting. Shot on a medium-format camera, 85mm lens, high resolution, sharp focus on the hair and facial features, 9:16 aspect ratio."
"Acrylic Set - Acrylic Toe","Short Plain","A hyper-realistic professional beauty studio portrait of a young Nigerian woman. Focus entirely on the feet and nail art. Neutral background. A close-up beauty shot of elegant toes with a fresh acrylic toe set — perfectly sculpted acrylic nail on the big toe with a clean, polished finish. The subject is captured overhead close-up of the feet, toes extended, nails polished and presented elegantly. Their skin has natural, realistic texture with subtle highlights and soft shadows. They are wearing a simple, high-neck not applicable — foot/nail shot ribbed turtleneck sweater with no jewelry, ensuring the focus remains entirely on the hair. The background is a clean, uniform, light grey-white studio backdrop with soft, diffused lighting. Shot on a medium-format camera, 85mm lens, high resolution, sharp focus on the hair and facial features, 9:16 aspect ratio."
"Acrylic Set - Short Plain","Short Plain","A hyper-realistic professional beauty studio portrait of a young Nigerian woman. Focus entirely on the hands and nail art. Neutral studio background. A close-up beauty shot of hands with a fresh short plain acrylic set — short, clean acrylic nails with a smooth, polished surface and natural nail shape. The subject is captured overhead close-up of the hands with fingers spread, nails clean and elegant. Their skin has natural, realistic texture with subtle highlights and soft shadows. They are wearing a simple, high-neck not applicable — hand/nail shot ribbed turtleneck sweater with no jewelry, ensuring the focus remains entirely on the hair. The background is a clean, uniform, light grey-white studio backdrop with soft, diffused lighting. Shot on a medium-format camera, 85mm lens, high resolution, sharp focus on the hair and facial features, 9:16 aspect ratio."
"Acrylic Set - Medium Plain","Short Plain","A hyper-realistic professional beauty studio portrait of a young Nigerian woman. Focus entirely on the hands and nail shape. A close-up beauty shot of hands with a medium plain acrylic nail set — medium-length, smooth acrylic nails with a clean finish showing perfect shaping. The subject is captured slightly angled overhead close-up of both hands, elegant and polished. Their skin has natural, realistic texture with subtle highlights and soft shadows. They are wearing a simple, high-neck not applicable — hand/nail shot ribbed turtleneck sweater with no jewelry, ensuring the focus remains entirely on the hair. The background is a clean, uniform, light grey-white studio backdrop with soft, diffused lighting. Shot on a medium-format camera, 85mm lens, high resolution, sharp focus on the hair and facial features, 9:16 aspect ratio."
"Acrylic Set - Long Plain","Short Plain","A hyper-realistic professional beauty studio portrait of a young Nigerian woman. Focus on nail length and perfect form. A close-up beauty shot of hands with a long plain acrylic nail set — dramatic long acrylic nails with a sleek, smooth surface and perfect length. The subject is captured overhead close-up with one hand posed gracefully, striking and dramatic. Their skin has natural, realistic texture with subtle highlights and soft shadows. They are wearing a simple, high-neck not applicable — hand/nail shot ribbed turtleneck sweater with no jewelry, ensuring the focus remains entirely on the hair. The background is a clean, uniform, light grey-white studio backdrop with soft, diffused lighting. Shot on a medium-format camera, 85mm lens, high resolution, sharp focus on the hair and facial features, 9:16 aspect ratio."
"Acrylic Set - XXL","Short Plain","A hyper-realistic professional beauty studio portrait of a young Nigerian woman. Emphasise the dramatic nail length. A close-up beauty shot of hands with XXL acrylic nails — extremely long, dramatic acrylic nails creating a bold, statement-making look. The subject is captured posed close-up showing the full dramatic length, bold and glamorous. Their skin has natural, realistic texture with subtle highlights and soft shadows. They are wearing a simple, high-neck not applicable — hand/nail shot ribbed turtleneck sweater with no jewelry, ensuring the focus remains entirely on the hair. The background is a clean, uniform, light grey-white studio backdrop with soft, diffused lighting. Shot on a medium-format camera, 85mm lens, high resolution, sharp focus on the hair and facial features, 9:16 aspect ratio."
"Gels on Nails ","","A hyper-realistic professional beauty studio portrait of a young Nigerian woman. Focus on the glossy gel finish and healthy nail appearance. A close-up beauty shot of hands with gel nails — natural nails enhanced with a glossy gel overlay, showing a healthy shine and smooth finish. The subject is captured overhead close-up of both hands with fingers extended, clean and polished. Their skin has natural, realistic texture with subtle highlights and soft shadows. They are wearing a simple, high-neck not applicable — hand/nail shot ribbed turtleneck sweater with no jewelry, ensuring the focus remains entirely on the hair. The background is a clean, uniform, light grey-white studio backdrop with soft, diffused lighting. Shot on a medium-format camera, 85mm lens, high resolution, sharp focus on the hair and facial features, 9:16 aspect ratio."
"All Toe Fixing - Big Toe Fixing","","A hyper-realistic professional beauty studio portrait of a young Nigerian woman. Focus on the single toe nail fix. A close-up beauty shot showing a single big toe with a fresh gel or acrylic fixing — clean, neat, and well-shaped. The subject is captured overhead close-up of the big toe, polished and refined. Their skin has natural, realistic texture with subtle highlights and soft shadows. They are wearing a simple, high-neck not applicable — toe/nail shot ribbed turtleneck sweater with no jewelry, ensuring the focus remains entirely on the hair. The background is a clean, uniform, light grey-white studio backdrop with soft, diffused lighting. Shot on a medium-format camera, 85mm lens, high resolution, sharp focus on the hair and facial features, 9:16 aspect ratio."
"All Toe Fixing","","A hyper-realistic professional beauty studio portrait of a young Nigerian woman. Show all toes clearly. A close-up beauty shot of all toes fixed and polished — every toenail neat, shaped, and finished with a clean, uniform appearance. The subject is captured overhead close-up of both feet with toes spread, elegant and well-groomed. Their skin has natural, realistic texture with subtle highlights and soft shadows. They are wearing a simple, high-neck not applicable — foot/nail shot ribbed turtleneck sweater with no jewelry, ensuring the focus remains entirely on the hair. The background is a clean, uniform, light grey-white studio backdrop with soft, diffused lighting. Shot on a medium-format camera, 85mm lens, high resolution, sharp focus on the hair and facial features, 9:16 aspect ratio."
"Gel Polish on Natural Toes ","","A hyper-realistic professional beauty studio portrait of a young Nigerian woman. Focus on the gel polish colour and finish. A close-up beauty shot of natural toenails with a fresh gel polish application — shiny, colourful gel on natural toes with a smooth, flawless finish. The subject is captured slightly angled overhead shot of both feet, polished and refined. Their skin has natural, realistic texture with subtle highlights and soft shadows. They are wearing a simple, high-neck not applicable — foot/nail shot ribbed turtleneck sweater with no jewelry, ensuring the focus remains entirely on the hair. The background is a clean, uniform, light grey-white studio backdrop with soft, diffused lighting. Shot on a medium-format camera, 85mm lens, high resolution, sharp focus on the hair and facial features, 9:16 aspect ratio."